PLAYER,REGION
Scottie Scheffler,USA
Rory McIlroy,Europe
Patrick Cantlay,USA
Xander Schauffele,USA
Tommy Fleetwood,Europe
Jon Rahm,Europe
Tyrrell Hatton,Europe
Viktor Hovland,Europe
Max Homa,USA
Ludvig Åberg,Europe
Collin Morikawa,USA
Rickie Fowler,USA
Wyndham Clark,USA
Justin Rose,Europe
Tony Finau,USA
Eric Cole,USA
Sungjae Im,International
Denny McCarthy,USA
Tom Kim,International
Adam Scott,International
Matt Fitzpatrick,Europe
Corey Conners,International
Hideki Matsuyama,International
Keegan Bradley,USA
Russell Henley,USA
Jason Day,International
Justin Thomas,USA
Stephan Jaeger,Europe
Shane Lowry,Europe
Chris Kirk,USA
Sam Burns,USA
Sahith Theegala,USA
Peter Kuest,USA
Adam Svensson,International
Cam Davis,International
Brendon Todd,USA
Nicolai Hojgaard,Europe
Jordan Spieth,USA
Adam Hadwin,International
Byeong Hun An,International
Adam Schenk,USA
Ben Griffin,USA
Andrew Putnam,USA
Brian Harman,USA
Si Woo Kim,International
Nick Taylor,International
J.T. Poston,USA
Aaron Rai,Europe
Mark Hubbard,USA
Alex Noren,Europe
Dylan Wu,USA
J.J. Spaun,USA
Matt Kuchar,USA
Sam Ryder,USA
Harris English,USA
Patrick Rodgers,USA
Keith Mitchell,USA
Tom Hoge,USA
Taylor Montgomery,USA
Sepp Straka,Europe
S.H. Kim,International
Joseph Bramlett,USA
Beau Hossler,USA
Lucas Glover,USA
Austin Eckroat,USA
Lee Hodges,USA
Greyson Sigg,USA
Alex Smalley,USA
Gary Woodland,USA
Nate Lashley,USA
Michael Kim,USA
Taylor Moore,USA
K.H. Lee,International
Cameron Young,USA
Thomas Detry,Europe
Andrew Novak,USA
Doug Ghim,USA
Emiliano Grillo,International
Akshay Bhatia,USA
Vincent Norrman,Europe
Kevin Yu,International
Maverick McNealy,USA
Aaron Baddeley,International
Garrick Higgo,International
Christiaan Bezuidenhout,International
Mackenzie Hughes,International
Taylor Pendrith,International
Chesson Hadley,USA
Ryan Moore,USA
Kevin Streelman,USA
Luke List,USA
Davis Thompson,USA
Sam Stevens,USA
Harry Hall,Europe
Nick Hardy,USA
Kurt Kitayama,USA
Justin Suh,USA
Brandon Wu,USA
Matt NeSmith,USA
Ben Martin,USA
Zac Blair,USA
Billy Horschel,USA
Hayden Buckley,USA
C.T. Pan,International
Brice Garnett,USA
Chad Ramey,USA
Justin Lower,USA
Seamus Power,Europe
William McGirt,USA
Matt Wallace,Europe
Callum Tarren,Europe
Ryan Palmer,USA
Will Gordon,USA
Robby Shelton,USA
Tyler Duncan,USA
Cameron Percy,International
Adam Long,USA
Davis Riley,USA
Charley Hoffman,USA
Ben Taylor,Europe
Danny Willett,Europe
Scott Piercy,USA
Carson Young,USA
Kevin Chappell,USA
Matti Schmid,Europe
Peter Malnati,USA
Joel Dahmen,USA
Chez Reavie,USA
Ryan Gerard,USA
Cody Gribble,USA
David Lipsky,USA
MJ Daffue,International
Chris Stroud,USA
Jimmy Walker,USA
Kevin Tway,USA
Martin Laird,Europe
Satoshi Kodaira,International
Lucas Herbert,International
Kevin Roy,USA
Tano Goya,International
Scott Stallings,USA
Russell Knox,Europe
Lanto Griffin,USA
Webb Simpson,USA
Troy Merritt,USA
James Hahn,USA
Austin Smotherman,USA
Trevor Cone,USA
Carl Yuan,International
Harrison Endycott,International
Kramer Hickok,USA
Zecheng Dou,International
Patton Kizzire,USA
Sean O'Hair,USA
Stewart Cink,USA
Erik van Rooyen,International
Henrik Norlander,Europe
Kelly Kraft,USA
Zach Johnson,USA
Doc Redman,USA
Cameron Champ,USA
Ryan Armour,USA
Trey Mullinax,USA
David Lingmerth,Europe
Jason Dufner,USA
Scott Harrington,USA
Augusto Núñez,International
Robert Streb,USA
Jonathan Byrd,USA
S.Y. Noh,International
Austin Cook,USA
Richy Werenski,USA
Sung Kang,International
Kyle Westmoreland,USA
Nico Echavarria,International
Tyson Alexander,USA
Hank Lebioda,USA
Matthias Schwab,Europe
Trevor Werbylo,USA
Paul Haley II,USA
Wesley Bryan,USA
Brian Stuard,USA
Martin Trainer,USA
Ryan Brehm,USA
Harry Higgs,USA
Dylan Frittelli,International
Andrew Landry,USA
Michael Gligic,International
Jim Herman,USA
Brent Grant,USA
Max McGreevy,USA
Nick Watney,USA
Brandon Matthews,USA
